,0
2019-02-01,0.0010287484034862768
2019-02-11,0.0011079853927109442
2019-02-12,0.012842267997908005
2019-02-13,0.003033300622021165
2019-02-14,-0.00210903557439937
2019-02-15,0.01076239151554441
2019-02-19,0.0015441850487903435
2019-02-20,0.001785299093019101
2019-02-21,-0.0034613939212688894
2019-02-22,0.006722393170547293
2019-02-25,0.0014371801559469749
2019-02-26,-0.001184633389829868
2019-02-27,0.00024791665723176135
2019-02-28,-0.002669087486818025
2019-03-01,0.003912635998542404
2019-03-04,0.0031902192000000003
2019-03-05,-0.00010529909999999991
2019-03-06,-0.005038038
2019-03-07,-0.00014398940000000024
2019-03-08,-0.005424154600000001
2019-03-11,0.0121038985
2019-03-12,-0.00022298779999999974
2019-03-13,0.0026717802000000004
2019-03-14,0.0011245530999999997
2019-03-15,0.0041035563
2019-03-18,0.0033269604000000005
2019-03-19,0.0005200706000000001
2019-03-20,-0.0045242998
2019-03-21,0.006687859500000001
2019-03-22,-0.0080501681
2019-03-25,-0.0074210419000000005
2019-03-26,0.0115645919
2019-03-27,-0.0004999167
2019-03-28,0.0021050438000000003
2019-03-29,0.006929972300000001
2019-04-01,0.011942777100000006
2019-04-02,0.002718789
2019-04-03,0.0020152018000000015
2019-04-04,0.000865461600000001
2019-04-08,-0.0020524570999999998
2019-04-09,-0.005062592800000003
2019-04-10,0.004105746400000002
2019-04-11,-0.0020343684
2019-04-12,0.0017536579000000032
2019-04-15,0.0016937649999999999
2019-04-16,0.0016422026000000004
2019-04-17,-0.0012873596000000014
2019-04-18,0.004730348300000001
2019-04-23,0.009775127700000004
2019-04-24,-0.001917761700000001
2019-04-25,0.0040189821
2019-04-26,0.0022207072000000024
2019-04-29,0.0006245177000000006
2019-04-30,-0.0013198958999999996
2019-05-06,-0.0054205065
2019-05-07,-0.0133774318
2019-05-08,-0.0030332693
2019-05-09,-0.008099896
2019-05-10,0.0023261338
2019-05-13,-0.0180511134
2019-05-14,0.008708786500000001
2019-05-15,0.005935897900000001
2019-05-16,0.0104156415
2019-05-17,-0.0023538985000000003
2019-05-20,-0.0056869551
2019-05-21,0.0045616669000000006
2019-05-22,-0.0001384698
2019-05-23,-0.0106106551
2019-05-24,-0.0008645874
2019-05-28,-0.0037880601000000002
2019-05-29,-0.0066345879
2019-05-30,0.0024396215
2019-05-31,-0.010908232
2019-06-03,-0.005432485599999998
2019-06-04,0.012724061899999983
2019-06-05,0.006708672199999995
2019-06-06,0.002244747799999987
2019-06-10,0.005945425100000003
2019-06-11,0.002249984700000025
2019-06-12,-0.0028834383000000026
2019-06-13,0.005302270199999995
2019-06-14,0.0016350343999999852
2019-06-17,-0.0003443358999999967
2019-06-18,0.01283651329999999
2019-06-19,0.002508361300000009
2019-06-20,0.0034000025000000267
2019-06-21,-0.005146335399999988
2019-06-24,-0.00572059079999999
2019-06-25,-0.005745463000000006
2019-06-26,-0.0020704116
2019-06-27,0.0048140629000000025
2019-06-28,0.0037626277999999913
2019-07-01,0.006674031500000003
2019-07-02,0.0026654409000000006
2019-07-03,0.0080720376
2019-07-05,-0.0014198656999999991
2019-07-08,-0.0051122938
2019-07-09,0.002015209099999999
2019-07-10,0.004257145099999998
2019-07-11,0.0020296482000000003
2019-07-12,0.004937979699999998
2019-07-15,0.00014601020000000006
2019-07-16,-0.003260421799999999
2019-07-17,-0.006152978899999999
2019-07-18,0.003633689099999998
2019-07-19,-0.006100755599999999
2019-07-22,0.002713138999999999
2019-07-23,0.006849244100000001
2019-07-24,0.005440000499999999
2019-07-25,-0.0056805619
2019-07-26,0.0076558198999999985
2019-07-29,-0.0020809862
2019-07-30,-0.001983964800000001
2019-07-31,-0.010585102099999999
2019-08-01,-0.0093083951
2019-08-02,-0.0078713957
2019-08-05,-0.029846230300000002
2019-08-06,0.0132024108
2019-08-07,0.0011904522
2019-08-08,0.0193383055
2019-08-09,-0.006834799000000001
2019-08-12,-0.012198770400000001
2019-08-13,0.0144061004
2019-08-14,-0.0289725569
2019-08-15,0.0023413711
2019-08-16,0.014892892100000001
2019-08-19,0.011676707400000002
2019-08-20,-0.0075315879
2019-08-21,0.0083469392
2019-08-22,-0.0005234570000000001
2019-08-23,-0.0256880441
2019-08-26,0.010657597100000001
2019-08-27,-0.003662745
2019-08-28,0.0063696693
2019-08-29,0.0129792636
2019-08-30,0.0007270911
2019-09-03,-0.0071589225
2019-09-04,0.010891434200000005
2019-09-05,0.013173369100000004
2019-09-06,0.0007227290000000021
2019-09-09,-0.00032431079999999633
2019-09-10,0.0003281211999999995
2019-09-11,0.007635943499999999
2019-09-12,0.0027690126000000036
2019-09-16,-0.0022073127
2019-09-17,0.002614083599999992
2019-09-18,1.5866100000001122e-05
2019-09-19,6.064020000000203e-05
2019-09-20,-0.004714857099999999
2019-09-23,1.0225499999995659e-05
2019-09-24,-0.008898631499999999
2019-09-25,0.006307982199999996
2019-09-26,-0.002604610500000004
2019-09-27,-0.0056695682999999995
2019-09-30,0.005288157499999996
2019-10-08,-0.0159377828
2019-10-09,0.009400820900000002
2019-10-10,0.0060962834000000046
2019-10-11,0.011459963700000006
2019-10-14,-0.0014239821999999943
2019-10-15,0.009736806299999998
2019-10-16,-0.002499117300000002
2019-10-17,0.0031348954999999997
2019-10-18,-0.004008084500000007
2019-10-21,0.006780905
2019-10-22,-0.0038559076999999976
2019-10-23,0.002712362899999998
2019-10-24,0.0026993212000000003
2019-10-25,0.004305417100000003
2019-10-28,0.005649876500000005
2019-10-29,-0.0008363245000000045
2019-10-30,0.0032909264999999976
2019-10-31,-0.003316251600000002
2019-11-01,0.010050698700000001
2019-11-04,0.00363299
2019-11-05,-0.0012363975000000001
2019-11-06,0.0004191309
2019-11-07,0.0032018622000000003
2019-11-08,0.0029947069
2019-11-11,-0.0015730805
2019-11-12,0.0015601323
2019-11-13,0.0007186057
2019-11-14,0.0012265483000000002
2019-11-15,0.0079168756
2019-11-18,0.0005453167
2019-11-19,-9.42246e-05
2019-11-20,-0.0031292748000000003
2019-11-21,-0.0018823622000000001
2019-11-22,0.0022112922
2019-11-25,0.0080277848
2019-11-26,0.0024020058000000003
2019-11-27,0.0043718822
2019-11-29,-0.0041055759
2019-12-02,-0.0088300561
2019-12-03,-0.006271296700000001
2019-12-04,0.0061387481
2019-12-05,0.0015506766
2019-12-06,0.0089859373
2019-12-09,-0.0031487692
2019-12-10,-0.0011320636000000002
2019-12-11,0.002642882
2019-12-12,0.008326950100000001
2019-12-13,0.00015388350000000015
2019-12-16,0.0073395667
2019-12-17,0.00035212059999999997
2019-12-18,-0.0002065451
2019-12-19,0.0046211915
2019-12-20,0.0050678497
2019-12-23,0.0008419319000000001
2019-12-24,-4.160199999999985e-06
2019-12-27,-0.00018425840000000002
2019-12-30,-0.0055684408
2019-12-31,0.0030572704
2020-01-02,0.008252975700000002
2020-01-03,-0.0063761194000000005
2020-01-06,0.0035041341
2020-01-07,-0.002454804199999999
2020-01-08,0.0048935837999999985
2020-01-09,0.006746102500000002
2020-01-10,-0.002721975
2020-01-13,0.007299146100000001
2020-01-14,-0.0010466665000000005
2020-01-15,0.001799524399999999
2020-01-16,0.008478157399999998
2020-01-17,0.0033443780000000003
2020-01-21,-0.0024600077000000026
2020-01-22,0.0004827883000000005
2020-01-23,0.0011960325999999953
2020-02-03,0.0080731121
2020-02-04,0.0155056459
2020-02-05,0.0098119687
2020-02-06,0.0031244549
2020-02-07,-0.0052022087000000005
2020-02-10,0.007448023000000001
2020-02-11,0.0021984963
2020-02-12,0.0065109379
2020-02-13,-0.0008278264000000001
2020-02-14,0.0021863519
2020-02-18,-0.0024001079
2020-02-19,0.0049800814
2020-02-20,-0.0031698052
2020-02-21,-0.0105498608
2020-02-24,-0.0331008181
2020-02-25,-0.0305843036
2020-02-26,-0.0048990688
2020-02-27,-0.0436489492
2020-02-28,-0.0082926875
2020-03-02,0.017860485700000022
2020-03-03,-0.0175035933
2020-03-04,0.0317292435
2020-03-05,-0.02515549709999999
2020-03-06,-0.029997444999999987
2020-03-09,-0.07887996109999999
2020-03-10,0.03351271050000001
2020-03-11,-0.0321707278
2020-03-12,-0.08253386129999998
2020-03-13,0.056904400599999995
2020-03-16,-0.09833992500000001
2020-03-17,0.055534074299999986
2020-03-18,-0.03807948540000001
2020-03-19,0.019126192299999987
2020-03-20,-0.022724292299999997
2020-03-23,-0.035341283
2020-03-24,0.0827618179
2020-03-25,0.022697537699999996
2020-03-26,0.03121242090000001
2020-03-27,-0.026858209699999996
2020-03-30,0.02676465499999999
2020-03-31,-0.004274194100000006
2020-04-01,-0.0336706647
2020-04-02,0.0167200761
2020-04-03,-0.0082384064
2020-04-07,-0.0011936786
2020-04-08,0.0251491273
2020-04-09,0.0088532207
2020-04-14,0.015930809
2020-04-15,-0.0169543906
2020-04-16,0.0072567355
2020-04-17,0.023090839300000002
2020-04-20,-0.010475314900000001
2020-04-21,-0.028810891300000002
2020-04-22,0.02124593
2020-04-23,0.0032787293000000003
2020-04-24,0.0076556645
2020-04-27,0.015096639600000001
2020-04-28,0.0014540871
2020-04-29,0.0204042535
2020-04-30,-0.0167551394
2020-05-06,-0.0008053485000000001
2020-05-07,0.0112070113
2020-05-08,0.0089199167
2020-05-11,0.0039738697
2020-05-12,-0.016560298
2020-05-13,-0.013353115700000001
2020-05-14,0.0023106547
2020-05-15,0.003968254
2020-05-18,0.026173662
2020-05-19,-0.0109751329
2020-05-20,0.0106459834
2020-05-21,-0.0038850196
2020-05-22,0.0036425359
2020-05-26,0.0071046393
2020-05-27,0.010999566
2020-05-28,-0.0011155875
2020-05-29,-0.0058653266
2020-06-01,0.0063544153
2020-06-02,0.0067235016
2020-06-03,0.0132269977
2020-06-04,-0.0120847187
2020-06-05,0.024469728200000002
2020-06-08,0.0105110701
2020-06-09,-0.010098068
2020-06-10,-0.0033589489
2020-06-11,-0.0515035971
2020-06-12,0.0161760517
2020-06-15,-0.0001321307
2020-06-16,0.025973686200000002
2020-06-17,0.0008959639
2020-06-18,-0.0006257678
2020-06-19,0.0003260173
2020-06-22,-0.0018695226
2020-06-23,0.0009499636
2020-06-24,-0.0196374226
2020-06-29,0.004308457
2020-06-30,0.0127169857
2020-07-01,0.0018490391000000044
2020-07-02,0.010399904700000006
2020-07-06,0.010313210600000015
2020-07-07,-0.00625096620000001
2020-07-08,0.00024074990000000758
2020-07-09,-0.0019899983000000046
2020-07-10,0.00565600030000001
2020-07-13,-0.006426986700000011
2020-07-14,0.004113687300000012
2020-07-15,0.01093253310000001
2020-07-16,-0.005750697100000004
2020-07-17,0.002975959900000003
2020-07-20,0.006926322700000009
2020-07-21,-0.000284749599999999
2020-07-22,-0.006514442899999995
2020-07-23,-0.00807791700000001
2020-07-24,-0.009639225200000007
2020-07-27,-0.004288445499999992
2020-07-28,-0.0005331196000000063
2020-07-29,0.0040718139000000125
2020-07-30,-0.008513903900000003
2020-07-31,-0.002363023799999994
2020-08-03,0.016270865000000006
2020-08-04,0.0042758371
2020-08-05,-0.0025310913
2020-08-06,0.0049819916
2020-08-07,0.0029078440999999993
2020-08-10,0.003677715900000001
2020-08-11,3.36633999999988e-05
2020-08-12,0.0100986409
2020-08-13,-0.0028742415
2020-08-14,-0.0017286054999999987
2020-08-17,0.0008001748000000024
2020-08-18,-0.0020630759999999996
2020-08-19,-7.792110000000131e-05
2020-08-20,0.0025732306999999986
2020-08-21,0.006512900400000001
2020-08-24,0.007494723000000001
2020-08-25,0.0016537941999999997
2020-08-26,0.010120931399999998
2020-08-27,0.0011190592000000007
2020-08-28,-0.0031624247999999986
2020-08-31,-0.005406342000000001
2020-09-01,0.0040437437000000005
2020-09-02,0.0209797058
2020-09-03,-0.0260434491
2020-09-04,-0.0075934633000000005
2020-09-08,-0.0185555412
2020-09-09,0.014671632300000001
2020-09-10,-0.015195350600000001
2020-09-11,0.0036394073
2020-09-14,0.0086314062
2020-09-15,0.0063828190000000005
2020-09-16,0.0004182103
2020-09-17,-0.0063951622
2020-09-18,-0.0103284
2020-09-21,-0.0064133699
2020-09-22,0.0089129874
2020-09-23,-0.0124758179
2020-09-24,-0.00011311330000000001
2020-09-25,0.0133393828
2020-09-28,0.014955329600000001
2020-09-29,-0.009266793
2020-09-30,0.0033828607
2020-10-09,0.002745968
2020-10-12,0.0120851162
2020-10-13,0.000507359
2020-10-14,-0.0055117268
2020-10-15,-0.0025235770000000004
2020-10-16,-5.05985e-05
2020-10-19,-0.013603971000000001
2020-10-20,-0.0026083123
2020-10-21,-0.0056665764000000006
2020-10-22,0.0047196149
2020-10-23,0.0032434798
2020-10-26,-0.0148192075
2020-10-27,-0.0047598991
2020-10-28,-0.0238960592
2020-10-29,0.012397222000000001
2020-10-30,-0.0109587903
2020-11-02,0.013531536
2020-11-03,0.0121483726
2020-11-04,0.0220971947
2020-11-05,0.010906556100000001
2020-11-06,-0.0021549801
2020-11-09,0.016368453
2020-11-10,0.0023009279000000002
2020-11-11,0.0140961179
2020-11-12,-0.011134514
2020-11-13,0.0065173532
2020-11-16,0.0113635957
2020-11-17,-0.0042459047
2020-11-18,-0.0053657933
2020-11-19,0.0040056021
2020-11-20,-0.0031015596
2020-11-23,0.0055118884000000005
2020-11-24,0.0106214657
2020-11-25,-0.0011674751
2020-11-27,0.0007682398
2020-11-30,-0.0078346666
2020-12-01,0.003936516100000004
2020-12-02,-0.002022455799999999
2020-12-03,-0.0036162639999999984
2020-12-04,0.008186099000000002
2020-12-07,-0.0007620487000000002
2020-12-08,0.0038457212000000004
2020-12-09,-0.002167605500000004
2020-12-10,-0.0037409382999999984
2020-12-11,-0.0005792145000000006
2020-12-14,-0.0017973464000000012
2020-12-15,0.006639298500000004
2020-12-16,0.0017411838000000004
2020-12-17,0.003125179700000003
2020-12-18,-0.0022179684000000004
2020-12-21,-0.006218144100000001
2020-12-22,0.002902645199999999
2020-12-23,0.0019058773999999995
2020-12-24,0.0032259446000000008
2020-12-28,0.003497683700000002
2020-12-29,0.0007516984999999983
2020-12-30,-0.003198639699999998
2020-12-31,0.0065363416
2021-01-04,-0.015499729288460367
2021-01-05,0.0077481770132422694
2021-01-06,0.006166264883490312
2021-01-07,0.015959661913156134
2021-01-08,0.005345312059569184
2021-01-11,-0.005963066122405574
2021-01-12,0.00188200973397476
2021-01-13,0.0015443397321433748
2021-01-14,-0.0028819567367838095
2021-01-15,-0.007335539441602457
2021-01-19,0.008112261453112564
2021-01-20,0.013501185284421617
2021-01-21,-0.00017845752797897388
2021-01-22,-0.0025535324329018683
2021-01-25,0.002956905166194541
2021-01-26,-0.003074311610481954
2021-01-27,-0.026050893424831734
2021-01-28,0.01073240303127072
2021-01-29,-0.01859424023459907
2021-02-01,0.017693542199999995
2021-02-02,0.017377020699999995
2021-02-03,0.002858630599999998
2021-02-04,0.0099545433
2021-02-05,0.0018753081000000024
2021-02-08,0.00650889
2021-02-09,-0.0028979685999999975
2021-02-10,-0.002015323999999998
2021-02-18,-0.007958336499999996
2021-02-19,-0.0031128587999999973
2021-02-22,-0.007396743000000002
2021-02-23,-0.001580795899999998
2021-02-24,0.007144151300000003
2021-02-25,-0.022272931500000002
2021-02-26,-0.005689648199999998
2021-03-01,0.0280978746
2021-03-02,-0.0065548622
2021-03-03,-0.0100328628
2021-03-04,-0.0100787601
2021-03-05,0.018058111
2021-03-08,0.0025397316999999993
2021-03-09,0.012450368100000001
2021-03-10,0.0037874867000000003
2021-03-11,0.0056963015000000014
2021-03-12,0.0026197753
2021-03-15,0.0068252375
2021-03-16,0.0028245706000000004
2021-03-17,0.0001311048
2021-03-18,-0.009334382300000001
2021-03-19,-0.0008985911000000006
2021-03-22,0.0027883430000000004
2021-03-23,-0.0028527757000000003
2021-03-24,-0.0044065714
2021-03-25,0.0076291802
2021-03-26,0.0128981914
2021-03-29,0.0013285734000000003
2021-03-30,0.0016621250000000004
2021-03-31,0.00021005939999999988
2021-04-01,0.009385116700000003
2021-04-06,0.0058033729
2021-04-07,-0.0035449703000000003
2021-04-08,0.0055731207000000015
2021-04-09,0.005417458200000002
2021-04-12,-0.0023960999
2021-04-13,0.0026958130000000013
2021-04-14,-0.004968758300000001
2021-04-15,0.009279908800000004
2021-04-16,0.003204342500000001
2021-04-19,-0.006253332100000002
2021-04-20,-0.012225417700000003
2021-04-21,0.007009698300000003
2021-04-22,-0.0016164129000000023
2021-04-23,0.005131840800000003
2021-04-26,0.0008962811000000008
2021-04-27,-0.0013125722
2021-04-28,-0.0009594500000000004
2021-04-29,0.0014938506000000016
2021-04-30,-0.001833692000000002
2021-05-06,0.0019335734999999998
2021-05-07,0.002776965
2021-05-10,-0.0070108083
2021-05-11,-0.011471263
2021-05-12,-0.0104736545
2021-05-13,0.0050560588
2021-05-14,0.011254774
2021-05-17,-0.0024358426
2021-05-18,-0.0068429989
2021-05-19,-0.0059563853
2021-05-20,0.0108630297
2021-05-21,0.0027719822
2021-05-24,0.0055496071
2021-05-25,-0.0019753975
2021-05-26,0.0034463105000000003
2021-05-27,0.0018330186
2021-05-28,0.0049333864
2021-06-01,0.0005006763999999994
2021-06-02,0.0046178115
2021-06-03,0.001327831999999997
2021-06-04,0.006064468500000005
2021-06-07,-0.0005149293999999998
2021-06-08,0.00026345760000000046
2021-06-09,-0.001564266500000001
2021-06-10,0.004679591500000002
2021-06-11,0.0067933558
2021-06-15,-0.0010583892000000017
2021-06-16,-0.0020907521000000026
2021-06-17,0.010766019799999998
2021-06-18,-0.0064547194000000065
2021-06-21,0.003924726600000008
2021-06-22,0.007760447200000002
2021-06-23,-0.005114276499999999
2021-06-24,0.006960593000000003
2021-06-25,0.001778182700000002
2021-06-28,0.002326646600000001
2021-06-29,0.0017332996999999998
2021-06-30,0.0011561178
2021-07-01,0.0026678411999999986
2021-07-02,0.007878450399999981
2021-07-06,0.00031882989999999897
2021-07-07,0.004702648300000004
2021-07-08,-0.013237253100000004
2021-07-09,0.009258613999999998
2021-07-12,0.0047923091000000055
2021-07-13,0.0009072046000000042
2021-07-14,-6.264580000000902e-05
2021-07-15,-0.005058544299999991
2021-07-16,-0.005230491700000005
2021-07-19,-0.015527093299999998
2021-07-20,0.013088311399999997
2021-07-21,0.007987224100000006
2021-07-22,0.003307406800000002
2021-07-23,0.010605741799999993
2021-07-26,-0.0014946753000000194
2021-07-27,-0.00514933330000002
2021-07-28,0.002233388699999995
2021-07-29,-0.0005531282999999873
2021-07-30,-0.004604871000000003
2021-08-02,0.0012359559999999988
2021-08-03,0.0066809159
2021-08-04,-0.0007645088000000017
2021-08-05,0.0060238735000000005
2021-08-06,0.005114546499999997
2021-08-09,0.0010480965999999997
2021-08-10,0.002819057199999999
2021-08-11,0.0017221075000000002
2021-08-12,0.0029647999
2021-08-13,-0.002131231899999998
2021-08-16,-0.0009353189999999987
2021-08-17,-0.0009334914000000053
2021-08-18,-0.006031158500000002
2021-08-19,-0.002525510999999999
2021-08-20,0.0052526816000000014
2021-08-23,0.005603745900000003
2021-08-24,0.0015669204000000013
2021-08-25,0.001994608400000001
2021-08-26,-0.005024628700000001
2021-08-27,0.004576351900000003
2021-08-30,0.0033050602000000004
2021-08-31,-0.0018972390999999996
2021-09-01,-0.000704186199999999
2021-09-02,0.002529009800000003
2021-09-03,-3.03951000000001e-05
2021-09-07,-0.001967001000000004
2021-09-08,-0.0010441074000000017
2021-09-09,-0.003722563500000003
2021-09-10,-0.005254231000000008
2021-09-13,0.002978680300000001
2021-09-14,-0.003606586700000005
2021-09-15,0.003225870700000009
2021-09-16,0.003340445099999998
2021-09-17,-0.005516825200000008
2021-09-22,0.006894614800000009
2021-09-23,0.00890847350000001
2021-09-24,0.0020170465
2021-09-27,-0.0016577109000000026
2021-09-28,-0.017830593300000017
2021-09-29,0.003964851299999999
2021-09-30,-0.004623448600000011
2021-10-08,-0.0034015071000000003
2021-10-11,-0.006826084000000002
2021-10-12,-0.0010780458
2021-10-13,0.004198836800000002
2021-10-14,0.016934042300000007
2021-10-15,0.0068240046000000035
2021-10-18,0.003699471100000001
2021-10-19,0.007147844900000002
2021-10-20,0.003727912000000002
2021-10-21,0.003623475600000001
2021-10-22,-0.0013831147
2021-10-25,0.004723764500000002
2021-10-26,0.0010150909000000022
2021-10-27,-0.006588834100000003
2021-10-28,0.010295227300000003
2021-10-29,0.0019907016000000038
2021-11-01,0.0003167811827797729
2021-11-02,-0.004728760420244811
2021-11-03,0.0018648632619818139
2021-11-04,0.0060849458463411174
2021-11-05,-0.004051095882403401
2021-11-08,0.001741981188704989
2021-11-09,-4.940740931769433e-06
2021-11-10,-0.006438385647066464
2021-11-11,0.0067669463542184855
2021-11-12,0.004381599689935071
2021-11-15,-0.0009408133643391426
2021-11-16,0.00012190354336562271
2021-11-17,0.0009433234616406973
2021-11-18,-0.0015575031679714987
2021-11-19,0.005223831150626063
2021-11-22,0.0012971394706794296
2021-11-23,0.001361577582830648
2021-11-24,0.0018933473832772711
2021-11-26,-0.013027690097094586
2021-11-29,0.0051921876633273965
2021-11-30,-0.008666454760894875
2021-12-01,0.003208024456156251
2021-12-02,-0.0008295278
2021-12-03,0.0093945702
2021-12-06,-0.0049881247
2021-12-07,0.001602775
2021-12-08,0.0118308289
2021-12-09,0.009762085200000001
2021-12-10,-0.0018078251000000001
2021-12-13,0.004020328
2021-12-14,-0.0053182391
2021-12-15,-0.0038510123
2021-12-16,0.007527830300000001
2021-12-17,-0.0116279758
2021-12-20,-0.010695855300000001
2021-12-21,0.0087590507
2021-12-22,-0.0007527018
2021-12-23,0.0057500025
2021-12-27,-0.0006092061
2021-12-28,0.0039002403000000002
2021-12-29,-0.0091317957
2021-12-30,0.0061678448
2021-12-31,0.0056686352
2022-01-04,-0.0020449623
2022-01-05,-0.010240352000000008
2022-01-06,-0.002529541900000001
2022-01-07,-0.0017695364000000025
2022-01-10,0.003915933899999999
2022-01-11,-0.007275618999999997
2022-01-12,0.008414900900000001
2022-01-13,-0.011763671100000006
2022-01-14,-0.009603461300000001
2022-01-18,0.007991518199999995
2022-01-19,-0.003287812000000004
2022-01-20,-0.000874271200000003
2022-01-21,-0.00914764470000001
2022-01-24,0.00043887549999999977
2022-01-25,-0.025845522000000006
2022-01-26,0.0066070907
2022-01-27,-0.017791363600000002
2022-01-28,-0.009702023299999992
2022-02-07,0.0202620686967346
2022-02-08,0.006745648403130723
2022-02-09,0.007924247184799865
2022-02-10,0.0016786410758015341
2022-02-11,-0.006608938466151039
2022-02-14,-0.009812775904799856
2022-02-15,0.005064413410265583
2022-02-16,0.005735755369546454
2022-02-17,0.0006109436042233518
2022-02-18,0.006538581363145203
2022-02-22,-0.009612374421698986
2022-02-23,0.009199995366926804
2022-02-24,-0.01692067457586121
2022-02-25,0.006303248034168416
2022-02-28,0.0031681772740128986
2022-03-01,-0.016447409125041435
2022-03-02,0.018620820700000002
2022-03-03,-0.0069562308
2022-03-04,-0.0093775788
2022-03-07,-0.0309132756
2022-03-08,-0.0062962897
2022-03-09,0.0267714974
2022-03-10,-0.0043072973
2022-03-11,-0.0137486586
2022-03-14,-0.0085944972
2022-03-15,0.0211428131
2022-03-16,0.024081918100000002
2022-03-17,0.013173344200000001
2022-03-18,0.0125214308
2022-03-21,-0.0010814578000000001
2022-03-22,0.0119122455
2022-03-23,-0.012506334000000001
2022-03-24,0.0141444989
2022-03-25,0.0041691440000000005
2022-03-28,0.0073121041
2022-03-29,0.013753514000000001
2022-03-30,-0.0071282614000000005
2022-03-31,-0.0154993088
2022-04-01,0.0083967037
2022-04-06,0.00020060219999999915
2022-04-07,-0.0142299339
2022-04-08,0.0046780999000000005
2022-04-11,-0.026080957000000002
2022-04-12,0.014605312700000001
2022-04-13,-0.008266504499999999
2022-04-14,0.012200671899999998
2022-04-19,-0.0004717045999999986
2022-04-20,-0.0134546157
2022-04-21,-0.0226161307
2022-04-22,0.002308059199999998
2022-04-25,-0.051340412
2022-04-26,-0.014381705800000002
2022-04-27,0.02489562
2022-04-28,0.005825135100000002
2022-04-29,0.024028379899999997
2022-05-05,0.006817334699999991
2022-05-06,-0.021607476500000004
2022-05-09,0.00088379759999999
2022-05-10,0.010579943500000001
2022-05-11,0.007514771899999997
2022-05-12,-0.001182232499999997
2022-05-13,0.00960072930000001
2022-05-16,-0.0034307271000000015
2022-05-17,0.006459774800000003
2022-05-18,-0.0026215957000000098
2022-05-19,0.003587080099999996
2022-05-20,0.016001140100000005
2022-05-23,0.00011218170000000257
2022-05-24,-0.024131910100000004
2022-05-25,0.011895080900000004
2022-05-26,0.005042408800000005
2022-05-27,0.002273268900000008
2022-05-31,0.011845962299999999
2022-06-01,-0.004169617400000009
2022-06-02,0.010471525100000023
2022-06-06,0.003922563700000004
2022-06-07,0.0066148016000000115
2022-06-08,-0.009762899900000012
2022-06-09,-0.014372504900000029
2022-06-10,-0.018432660500000034
2022-06-13,-0.026169027800000046
2022-06-14,-0.006627084000000003
2022-06-15,0.011740240500000018
2022-06-16,-0.032477071200000034
2022-06-17,0.0012896729000000044
2022-06-21,0.01627659740000003
2022-06-22,-0.0054453867
2022-06-23,0.01092209850000001
2022-06-24,0.025427792700000035
2022-06-27,-0.0028483319000000037
2022-06-28,-0.006385758800000025
2022-06-29,-0.0006452484000000017
2022-06-30,-0.00834753670000001
2022-07-01,0.011186172400000017
2022-07-05,0.011638538800000006
2022-07-06,0.007541144300000004
2022-07-07,0.018062753800000025
2022-07-08,0.0004570893999999982
2022-07-11,-0.00298265240000002
2022-07-12,-0.0037136065000000144
2022-07-13,-0.009221718000000007
2022-07-14,0.0017421571999999936
2022-07-15,0.01043259060000003
2022-07-18,-0.010924259400000013
2022-07-19,0.017648094400000047
2022-07-20,0.009591432700000013
2022-07-21,0.009452075300000015
2022-07-22,-0.007450861700000017
2022-07-25,0.001193937400000002
2022-07-26,-0.0016177139000000196
2022-07-27,0.01933329440000004
2022-07-28,0.01004116460000002
2022-07-29,0.009337251300000023
2022-08-01,-0.005613945999999996
2022-08-02,-0.0009355082000000094
2022-08-03,0.0160403913
2022-08-04,-0.005040247699999992
2022-08-05,0.000880121199999999
2022-08-08,-0.002417375499999996
2022-08-09,-0.0060118364
2022-08-10,0.008579085600000022
2022-08-11,0.0010709118999999985
2022-08-12,0.021040847499999994
2022-08-15,0.007775497899999994
2022-08-16,0.0020377127999999995
2022-08-17,-0.005582611600000005
2022-08-18,0.004607189699999997
2022-08-19,-0.005036365700000015
2022-08-22,-0.010619951500000016
2022-08-23,-0.004053381199999997
2022-08-24,0.0014515360000000018
2022-08-25,0.012734457900000004
2022-08-26,-0.028916158500000008
2022-08-29,-0.0065653504
2022-08-30,-0.008893964700000003
2022-08-31,-0.012947085199999991
2022-09-01,0.0005674827999999981
2022-09-02,-0.0101174399
2022-09-06,-0.0042431729999999925
2022-09-07,0.0188866775
2022-09-08,0.007514966999999999
2022-09-09,0.016293924500000005
2022-09-13,-0.0429014314
2022-09-14,0.0037119379999999954
2022-09-15,-0.010833260300000007
2022-09-16,-0.008674658700000015
2022-09-19,0.006976176899999999
2022-09-20,-0.011918819699999998
2022-09-21,-0.0169380888
2022-09-22,-0.010164682700000002
2022-09-23,-0.017546483500000005
2022-09-26,-0.011022588700000007
2022-09-27,-0.0013499026999999916
2022-09-28,0.020737993199999992
2022-09-29,-0.0211078529
2022-09-30,-0.014078864700000004
2022-10-10,-0.008117074100000003
2022-10-11,-0.00665071380000002
2022-10-12,-0.003016575700000007
2022-10-13,0.02485344890000004
2022-10-14,-0.024023522100000038
2022-10-17,0.027221658500000037
2022-10-18,0.011917001200000017
2022-10-19,-0.008111986100000003
2022-10-20,-0.007687851000000022
2022-10-21,0.023096389700000042
2022-10-24,0.01098550860000001
2022-10-25,0.017700671700000024
2022-10-26,-0.00708779420000002
2022-10-27,-0.0054389122999999985
2022-10-28,0.023783478100000043
2022-10-31,-0.007093951199999996
2022-11-01,-0.0034495228999999834
2022-11-02,-0.02581840929999997
2022-11-03,-0.010139831499999967
2022-11-04,0.012561280899999963
2022-11-07,0.009297304499999968
2022-11-08,0.005571734499999987
2022-11-09,-0.02115216619999997
2022-11-10,0.05720085679999992
2022-11-11,0.010179203399999967
2022-11-14,-0.009473035999999994
2022-11-15,0.009810277699999986
2022-11-16,-0.009393404100000008
2022-11-17,-0.00380872699999998
2022-11-18,0.004581882599999995
2022-11-21,-0.004225390699999968
2022-11-22,0.01363407569999998
2022-11-23,0.006167812999999977
2022-11-25,1.625339999999818e-05
2022-11-28,-0.015696485299999983
2022-11-29,-0.0012583293999999861
2022-11-30,0.03134952719999998
